end_time,state,start_time,sleepdata_id,Uid,Sid
2025-03-21 03:45:00,3,2025-03-21 03:04:00,0,8279399076,765279083
2025-03-21 03:58:00,2,2025-03-21 03:45:00,0,8279399076,765279083
2025-03-21 04:05:00,3,2025-03-21 03:58:00,0,8279399076,765279083
2025-03-21 04:10:00,2,2025-03-21 04:05:00,0,8279399076,765279083
2025-03-21 04:34:00,4,2025-03-21 04:10:00,0,8279399076,765279083
2025-03-21 04:49:00,3,2025-03-21 04:34:00,0,8279399076,765279083
2025-03-21 05:16:00,2,2025-03-21 04:49:00,0,8279399076,765279083
2025-03-21 05:27:00,4,2025-03-21 05:16:00,0,8279399076,765279083
2025-03-21 05:37:00,2,2025-03-21 05:27:00,0,8279399076,765279083
2025-03-21 06:10:00,3,2025-03-21 05:37:00,0,8279399076,765279083
2025-03-20 00:25:00,3,2025-03-20 00:01:00,1,8279399076,765279083
2025-03-20 00:27:00,2,2025-03-20 00:25:00,1,8279399076,765279083
2025-03-20 00:37:00,4,2025-03-20 00:27:00,1,8279399076,765279083
2025-03-20 01:12:00,2,2025-03-20 00:37:00,1,8279399076,765279083
2025-03-20 01:18:00,4,2025-03-20 01:12:00,1,8279399076,765279083
2025-03-20 01:19:00,3,2025-03-20 01:18:00,1,8279399076,765279083
2025-03-20 01:21:00,5,2025-03-20 01:19:00,1,8279399076,765279083
2025-03-20 01:36:00,3,2025-03-20 01:21:00,1,8279399076,765279083
2025-03-20 01:42:00,4,2025-03-20 01:36:00,1,8279399076,765279083
2025-03-20 01:48:00,3,2025-03-20 01:42:00,1,8279399076,765279083
2025-03-20 01:50:00,2,2025-03-20 01:48:00,1,8279399076,765279083
2025-03-20 01:51:00,4,2025-03-20 01:50:00,1,8279399076,765279083
2025-03-20 02:11:00,3,2025-03-20 01:51:00,1,8279399076,765279083
2025-03-20 02:30:00,2,2025-03-20 02:11:00,1,8279399076,765279083
2025-03-20 02:43:00,4,2025-03-20 02:30:00,1,8279399076,765279083
2025-03-20 03:31:00,3,2025-03-20 02:43:00,1,8279399076,765279083
2025-03-20 03:32:00,5,2025-03-20 03:31:00,1,8279399076,765279083
2025-03-20 03:51:00,3,2025-03-20 03:32:00,1,8279399076,765279083
2025-03-20 03:54:00,2,2025-03-20 03:51:00,1,8279399076,765279083
2025-03-20 03:57:00,3,2025-03-20 03:54:00,1,8279399076,765279083
2025-03-20 03:59:00,4,2025-03-20 03:57:00,1,8279399076,765279083
2025-03-20 04:02:00,3,2025-03-20 03:59:00,1,8279399076,765279083
2025-03-20 04:06:00,5,2025-03-20 04:02:00,1,8279399076,765279083
2025-03-20 04:19:00,3,2025-03-20 04:06:00,1,8279399076,765279083
2025-03-20 04:25:00,4,2025-03-20 04:19:00,1,8279399076,765279083
2025-03-20 04:27:00,2,2025-03-20 04:25:00,1,8279399076,765279083
2025-03-20 04:35:00,4,2025-03-20 04:27:00,1,8279399076,765279083
2025-03-20 04:57:00,3,2025-03-20 04:35:00,1,8279399076,765279083
2025-03-20 05:31:00,5,2025-03-20 04:57:00,1,8279399076,765279083
2025-03-20 05:36:00,4,2025-03-20 05:31:00,1,8279399076,765279083
2025-03-20 05:49:00,3,2025-03-20 05:36:00,1,8279399076,765279083
2025-03-20 05:54:00,4,2025-03-20 05:49:00,1,8279399076,765279083
2025-03-20 06:17:00,2,2025-03-20 05:54:00,1,8279399076,765279083
2025-03-20 06:29:00,3,2025-03-20 06:17:00,1,8279399076,765279083
2025-03-20 06:34:00,2,2025-03-20 06:29:00,1,8279399076,765279083
2025-03-20 08:10:00,3,2025-03-20 06:34:00,1,8279399076,765279083
2025-03-19 02:04:00,3,2025-03-19 01:46:00,2,8279399076,765279083
2025-03-19 02:10:00,2,2025-03-19 02:04:00,2,8279399076,765279083
2025-03-19 02:18:00,3,2025-03-19 02:10:00,2,8279399076,765279083
2025-03-19 02:19:00,4,2025-03-19 02:18:00,2,8279399076,765279083
2025-03-19 02:23:00,2,2025-03-19 02:19:00,2,8279399076,765279083
2025-03-19 02:30:00,3,2025-03-19 02:23:00,2,8279399076,765279083
2025-03-19 02:49:00,2,2025-03-19 02:30:00,2,8279399076,765279083
2025-03-19 03:00:00,3,2025-03-19 02:49:00,2,8279399076,765279083
2025-03-19 03:53:00,4,2025-03-19 03:00:00,2,8279399076,765279083
2025-03-19 04:24:00,2,2025-03-19 03:53:00,2,8279399076,765279083
2025-03-19 04:29:00,4,2025-03-19 04:24:00,2,8279399076,765279083
2025-03-19 04:44:00,2,2025-03-19 04:29:00,2,8279399076,765279083
2025-03-19 04:58:00,3,2025-03-19 04:44:00,2,8279399076,765279083
2025-03-19 05:11:00,4,2025-03-19 04:58:00,2,8279399076,765279083
2025-03-19 05:14:00,3,2025-03-19 05:11:00,2,8279399076,765279083
2025-03-19 05:21:00,2,2025-03-19 05:14:00,2,8279399076,765279083
2025-03-19 05:26:00,4,2025-03-19 05:21:00,2,8279399076,765279083
2025-03-19 05:38:00,3,2025-03-19 05:26:00,2,8279399076,765279083
2025-03-19 05:41:00,4,2025-03-19 05:38:00,2,8279399076,765279083
2025-03-19 05:57:00,2,2025-03-19 05:41:00,2,8279399076,765279083
2025-03-19 06:06:00,3,2025-03-19 05:57:00,2,8279399076,765279083
2025-03-19 06:41:00,5,2025-03-19 06:06:00,2,8279399076,765279083
2025-03-19 06:49:00,4,2025-03-19 06:41:00,2,8279399076,765279083
2025-03-19 07:13:00,3,2025-03-19 06:49:00,2,8279399076,765279083
2025-03-19 07:41:00,2,2025-03-19 07:13:00,2,8279399076,765279083
2025-03-19 07:55:00,3,2025-03-19 07:41:00,2,8279399076,765279083
2025-03-19 07:59:00,4,2025-03-19 07:55:00,2,8279399076,765279083
2025-03-19 08:03:00,3,2025-03-19 07:59:00,2,8279399076,765279083
2025-03-18 01:44:00,3,2025-03-18 00:51:00,3,8279399076,765279083
2025-03-18 01:52:00,4,2025-03-18 01:44:00,3,8279399076,765279083
2025-03-18 02:19:00,2,2025-03-18 01:52:00,3,8279399076,765279083
2025-03-18 03:24:00,3,2025-03-18 02:19:00,3,8279399076,765279083
2025-03-18 03:50:00,2,2025-03-18 03:24:00,3,8279399076,765279083
2025-03-18 05:14:00,3,2025-03-18 03:50:00,3,8279399076,765279083
2025-03-18 05:34:00,2,2025-03-18 05:14:00,3,8279399076,765279083
2025-03-18 06:06:00,3,2025-03-18 05:34:00,3,8279399076,765279083
2025-03-18 06:15:00,4,2025-03-18 06:06:00,3,8279399076,765279083
2025-03-18 06:31:00,3,2025-03-18 06:15:00,3,8279399076,765279083
2025-03-18 06:43:00,2,2025-03-18 06:31:00,3,8279399076,765279083
2025-03-18 06:56:00,4,2025-03-18 06:43:00,3,8279399076,765279083
2025-03-18 07:31:00,2,2025-03-18 06:56:00,3,8279399076,765279083
2025-03-18 07:36:00,3,2025-03-18 07:31:00,3,8279399076,765279083
2025-03-18 08:11:00,4,2025-03-18 07:36:00,3,8279399076,765279083
2025-03-18 08:28:00,3,2025-03-18 08:11:00,3,8279399076,765279083
2025-03-18 08:43:00,2,2025-03-18 08:28:00,3,8279399076,765279083
2025-03-18 09:08:00,4,2025-03-18 08:43:00,3,8279399076,765279083
2025-03-18 09:18:00,2,2025-03-18 09:08:00,3,8279399076,765279083
2025-03-18 09:24:00,3,2025-03-18 09:18:00,3,8279399076,765279083
2025-03-18 09:46:00,2,2025-03-18 09:24:00,3,8279399076,765279083
2025-03-18 10:07:00,3,2025-03-18 09:46:00,3,8279399076,765279083
2025-03-18 10:30:00,4,2025-03-18 10:07:00,3,8279399076,765279083
2025-03-18 10:50:00,3,2025-03-18 10:30:00,3,8279399076,765279083
2025-03-16 00:19:00,3,2025-03-15 23:59:00,4,8279399076,765279083
2025-03-16 00:20:00,2,2025-03-16 00:19:00,4,8279399076,765279083
2025-03-16 00:27:00,3,2025-03-16 00:20:00,4,8279399076,765279083
2025-03-16 00:53:00,2,2025-03-16 00:27:00,4,8279399076,765279083
2025-03-16 01:01:00,3,2025-03-16 00:53:00,4,8279399076,765279083
2025-03-16 01:21:00,4,2025-03-16 01:01:00,4,8279399076,765279083
2025-03-16 01:44:00,2,2025-03-16 01:21:00,4,8279399076,765279083
2025-03-16 01:50:00,3,2025-03-16 01:44:00,4,8279399076,765279083
2025-03-16 02:19:00,2,2025-03-16 01:50:00,4,8279399076,765279083
2025-03-16 02:27:00,3,2025-03-16 02:19:00,4,8279399076,765279083
2025-03-16 02:31:00,4,2025-03-16 02:27:00,4,8279399076,765279083
2025-03-16 02:41:00,3,2025-03-16 02:31:00,4,8279399076,765279083
2025-03-16 03:01:00,2,2025-03-16 02:41:00,4,8279399076,765279083
2025-03-16 03:11:00,3,2025-03-16 03:01:00,4,8279399076,765279083
2025-03-16 03:37:00,2,2025-03-16 03:11:00,4,8279399076,765279083
2025-03-16 03:42:00,3,2025-03-16 03:37:00,4,8279399076,765279083
2025-03-16 03:47:00,4,2025-03-16 03:42:00,4,8279399076,765279083
2025-03-16 03:53:00,3,2025-03-16 03:47:00,4,8279399076,765279083
2025-03-16 04:01:00,2,2025-03-16 03:53:00,4,8279399076,765279083
2025-03-16 04:07:00,4,2025-03-16 04:01:00,4,8279399076,765279083
2025-03-16 04:16:00,3,2025-03-16 04:07:00,4,8279399076,765279083
2025-03-16 04:33:00,4,2025-03-16 04:16:00,4,8279399076,765279083
2025-03-16 04:37:00,2,2025-03-16 04:33:00,4,8279399076,765279083
2025-03-16 04:43:00,3,2025-03-16 04:37:00,4,8279399076,765279083
2025-03-16 05:10:00,5,2025-03-16 04:43:00,4,8279399076,765279083
2025-03-16 06:20:00,3,2025-03-16 05:10:00,4,8279399076,765279083
2025-03-16 06:40:00,4,2025-03-16 06:20:00,4,8279399076,765279083
2025-03-16 07:29:00,3,2025-03-16 06:40:00,4,8279399076,765279083
2025-03-16 07:38:00,2,2025-03-16 07:29:00,4,8279399076,765279083
2025-03-16 08:32:00,3,2025-03-16 07:38:00,4,8279399076,765279083
2025-03-15 07:32:00,3,2025-03-15 07:17:00,5,8279399076,765279083
2025-03-15 07:48:00,2,2025-03-15 07:32:00,5,8279399076,765279083
2025-03-15 07:52:00,3,2025-03-15 07:48:00,5,8279399076,765279083
2025-03-15 08:00:00,2,2025-03-15 07:52:00,5,8279399076,765279083
2025-03-15 09:01:00,3,2025-03-15 08:00:00,5,8279399076,765279083
2025-03-15 09:16:00,2,2025-03-15 09:01:00,5,8279399076,765279083
2025-03-15 10:02:00,3,2025-03-15 09:16:00,5,8279399076,765279083
2025-03-15 10:05:00,2,2025-03-15 10:02:00,5,8279399076,765279083
2025-03-15 10:10:00,4,2025-03-15 10:05:00,5,8279399076,765279083
2025-03-15 10:20:00,2,2025-03-15 10:10:00,5,8279399076,765279083
2025-03-15 10:26:00,3,2025-03-15 10:20:00,5,8279399076,765279083
2025-03-15 10:29:00,2,2025-03-15 10:26:00,5,8279399076,765279083
2025-03-15 10:54:00,4,2025-03-15 10:29:00,5,8279399076,765279083
2025-03-15 11:07:00,2,2025-03-15 10:54:00,5,8279399076,765279083
2025-03-15 11:23:00,3,2025-03-15 11:07:00,5,8279399076,765279083
2025-03-15 11:24:00,5,2025-03-15 11:23:00,5,8279399076,765279083
2025-03-15 11:29:00,3,2025-03-15 11:24:00,5,8279399076,765279083
2025-03-15 11:33:00,4,2025-03-15 11:29:00,5,8279399076,765279083
2025-03-15 11:40:00,3,2025-03-15 11:33:00,5,8279399076,765279083
2025-03-14 00:17:00,3,2025-03-13 23:55:00,6,8279399076,765279083
2025-03-14 00:45:00,2,2025-03-14 00:17:00,6,8279399076,765279083
2025-03-14 00:52:00,4,2025-03-14 00:45:00,6,8279399076,765279083
2025-03-14 00:57:00,3,2025-03-14 00:52:00,6,8279399076,765279083
2025-03-14 01:05:00,2,2025-03-14 00:57:00,6,8279399076,765279083
2025-03-14 01:20:00,4,2025-03-14 01:05:00,6,8279399076,765279083
2025-03-14 01:40:00,3,2025-03-14 01:20:00,6,8279399076,765279083
2025-03-14 01:41:00,5,2025-03-14 01:40:00,6,8279399076,765279083
2025-03-14 02:29:00,3,2025-03-14 01:41:00,6,8279399076,765279083
2025-03-14 02:48:00,4,2025-03-14 02:29:00,6,8279399076,765279083
2025-03-14 03:05:00,2,2025-03-14 02:48:00,6,8279399076,765279083
2025-03-14 03:16:00,3,2025-03-14 03:05:00,6,8279399076,765279083
2025-03-14 03:17:00,5,2025-03-14 03:16:00,6,8279399076,765279083
2025-03-14 03:36:00,3,2025-03-14 03:17:00,6,8279399076,765279083
2025-03-14 03:37:00,5,2025-03-14 03:36:00,6,8279399076,765279083
2025-03-14 04:24:00,3,2025-03-14 03:37:00,6,8279399076,765279083
2025-03-14 05:19:00,2,2025-03-14 04:24:00,6,8279399076,765279083
2025-03-14 05:28:00,3,2025-03-14 05:19:00,6,8279399076,765279083
2025-03-14 05:49:00,4,2025-03-14 05:28:00,6,8279399076,765279083
2025-03-14 06:11:00,2,2025-03-14 05:49:00,6,8279399076,765279083
2025-03-14 06:34:00,3,2025-03-14 06:11:00,6,8279399076,765279083
2025-03-14 06:55:00,2,2025-03-14 06:34:00,6,8279399076,765279083
2025-03-14 07:18:00,3,2025-03-14 06:55:00,6,8279399076,765279083
2025-03-14 07:27:00,2,2025-03-14 07:18:00,6,8279399076,765279083
2025-03-14 07:30:00,4,2025-03-14 07:27:00,6,8279399076,765279083
2025-03-14 08:18:00,3,2025-03-14 07:30:00,6,8279399076,765279083
2025-03-13 01:35:00,3,2025-03-13 01:07:00,7,8279399076,765279083
2025-03-13 01:46:00,2,2025-03-13 01:35:00,7,8279399076,765279083
2025-03-13 02:02:00,3,2025-03-13 01:46:00,7,8279399076,765279083
2025-03-13 02:04:00,4,2025-03-13 02:02:00,7,8279399076,765279083
2025-03-13 02:27:00,2,2025-03-13 02:04:00,7,8279399076,765279083
2025-03-13 03:10:00,3,2025-03-13 02:27:00,7,8279399076,765279083
2025-03-13 03:14:00,2,2025-03-13 03:10:00,7,8279399076,765279083
2025-03-13 03:24:00,3,2025-03-13 03:14:00,7,8279399076,765279083
2025-03-13 03:44:00,2,2025-03-13 03:24:00,7,8279399076,765279083
2025-03-13 04:24:00,3,2025-03-13 03:44:00,7,8279399076,765279083
2025-03-13 04:44:00,4,2025-03-13 04:24:00,7,8279399076,765279083
2025-03-13 05:09:00,2,2025-03-13 04:44:00,7,8279399076,765279083
2025-03-13 05:26:00,3,2025-03-13 05:09:00,7,8279399076,765279083
2025-03-13 05:46:00,2,2025-03-13 05:26:00,7,8279399076,765279083
2025-03-13 06:07:00,4,2025-03-13 05:46:00,7,8279399076,765279083
2025-03-13 06:21:00,2,2025-03-13 06:07:00,7,8279399076,765279083
2025-03-13 06:27:00,3,2025-03-13 06:21:00,7,8279399076,765279083
2025-03-13 06:31:00,5,2025-03-13 06:27:00,7,8279399076,765279083
2025-03-13 06:39:00,3,2025-03-13 06:31:00,7,8279399076,765279083
2025-03-13 07:02:00,4,2025-03-13 06:39:00,7,8279399076,765279083
2025-03-13 07:08:00,2,2025-03-13 07:02:00,7,8279399076,765279083
2025-03-13 07:19:00,3,2025-03-13 07:08:00,7,8279399076,765279083
2025-03-13 07:22:00,2,2025-03-13 07:19:00,7,8279399076,765279083
2025-03-13 08:11:00,3,2025-03-13 07:22:00,7,8279399076,765279083
2025-03-12 01:04:00,3,2025-03-12 00:54:00,8,8279399076,765279083
2025-03-12 01:10:00,2,2025-03-12 01:04:00,8,8279399076,765279083
2025-03-12 01:11:00,4,2025-03-12 01:10:00,8,8279399076,765279083
2025-03-12 01:13:00,3,2025-03-12 01:11:00,8,8279399076,765279083
2025-03-12 01:25:00,2,2025-03-12 01:13:00,8,8279399076,765279083
2025-03-12 01:26:00,3,2025-03-12 01:25:00,8,8279399076,765279083
2025-03-12 01:31:00,4,2025-03-12 01:26:00,8,8279399076,765279083
2025-03-12 01:59:00,2,2025-03-12 01:31:00,8,8279399076,765279083
2025-03-12 02:01:00,3,2025-03-12 01:59:00,8,8279399076,765279083
2025-03-12 02:04:00,4,2025-03-12 02:01:00,8,8279399076,765279083
2025-03-12 02:06:00,3,2025-03-12 02:04:00,8,8279399076,765279083
2025-03-12 02:39:00,5,2025-03-12 02:06:00,8,8279399076,765279083
2025-03-12 02:48:00,3,2025-03-12 02:39:00,8,8279399076,765279083
2025-03-12 03:10:00,2,2025-03-12 02:48:00,8,8279399076,765279083
2025-03-12 03:12:00,3,2025-03-12 03:10:00,8,8279399076,765279083
2025-03-12 03:17:00,4,2025-03-12 03:12:00,8,8279399076,765279083
2025-03-12 03:21:00,3,2025-03-12 03:17:00,8,8279399076,765279083
2025-03-12 03:22:00,5,2025-03-12 03:21:00,8,8279399076,765279083
2025-03-12 03:29:00,3,2025-03-12 03:22:00,8,8279399076,765279083
2025-03-12 03:48:00,4,2025-03-12 03:29:00,8,8279399076,765279083
2025-03-12 04:01:00,2,2025-03-12 03:48:00,8,8279399076,765279083
2025-03-12 04:19:00,3,2025-03-12 04:01:00,8,8279399076,765279083
2025-03-12 04:45:00,2,2025-03-12 04:19:00,8,8279399076,765279083
2025-03-12 04:53:00,3,2025-03-12 04:45:00,8,8279399076,765279083
2025-03-12 05:12:00,2,2025-03-12 04:53:00,8,8279399076,765279083
2025-03-12 05:51:00,3,2025-03-12 05:12:00,8,8279399076,765279083
2025-03-12 06:08:00,2,2025-03-12 05:51:00,8,8279399076,765279083
2025-03-12 06:10:00,3,2025-03-12 06:08:00,8,8279399076,765279083
2025-03-12 06:14:00,4,2025-03-12 06:10:00,8,8279399076,765279083
2025-03-12 06:18:00,2,2025-03-12 06:14:00,8,8279399076,765279083
2025-03-12 06:27:00,3,2025-03-12 06:18:00,8,8279399076,765279083
2025-03-12 06:33:00,4,2025-03-12 06:27:00,8,8279399076,765279083
2025-03-12 06:45:00,3,2025-03-12 06:33:00,8,8279399076,765279083
2025-03-12 06:52:00,2,2025-03-12 06:45:00,8,8279399076,765279083
2025-03-12 07:19:00,3,2025-03-12 06:52:00,8,8279399076,765279083
2025-03-12 07:23:00,4,2025-03-12 07:19:00,8,8279399076,765279083
2025-03-12 07:29:00,3,2025-03-12 07:23:00,8,8279399076,765279083
2025-03-12 07:33:00,2,2025-03-12 07:29:00,8,8279399076,765279083
2025-03-12 07:35:00,3,2025-03-12 07:33:00,8,8279399076,765279083
2025-03-12 08:04:00,2,2025-03-12 07:35:00,8,8279399076,765279083
2025-03-12 08:18:00,3,2025-03-12 08:04:00,8,8279399076,765279083
2025-03-12 08:35:00,4,2025-03-12 08:18:00,8,8279399076,765279083
2025-03-12 08:38:00,3,2025-03-12 08:35:00,8,8279399076,765279083
2025-03-12 08:52:00,5,2025-03-12 08:38:00,8,8279399076,765279083
2025-03-12 09:04:00,3,2025-03-12 08:52:00,8,8279399076,765279083
2025-03-12 09:12:00,2,2025-03-12 09:04:00,8,8279399076,765279083
2025-03-12 09:19:00,3,2025-03-12 09:12:00,8,8279399076,765279083
2025-03-12 09:29:00,4,2025-03-12 09:19:00,8,8279399076,765279083
2025-03-12 09:57:00,3,2025-03-12 09:29:00,8,8279399076,765279083
2025-03-12 10:13:00,2,2025-03-12 09:57:00,8,8279399076,765279083
2025-03-12 10:35:00,3,2025-03-12 10:13:00,8,8279399076,765279083
2025-03-12 10:39:00,2,2025-03-12 10:35:00,8,8279399076,765279083
2025-03-12 11:05:00,3,2025-03-12 10:39:00,8,8279399076,765279083
2025-03-11 01:11:00,3,2025-03-11 01:02:00,9,8279399076,765279083
2025-03-11 01:22:00,2,2025-03-11 01:11:00,9,8279399076,765279083
2025-03-11 01:57:00,3,2025-03-11 01:22:00,9,8279399076,765279083
2025-03-11 02:04:00,2,2025-03-11 01:57:00,9,8279399076,765279083
2025-03-11 02:13:00,4,2025-03-11 02:04:00,9,8279399076,765279083
2025-03-11 02:25:00,2,2025-03-11 02:13:00,9,8279399076,765279083
2025-03-11 03:16:00,3,2025-03-11 02:25:00,9,8279399076,765279083
2025-03-11 03:25:00,4,2025-03-11 03:16:00,9,8279399076,765279083
2025-03-11 03:47:00,2,2025-03-11 03:25:00,9,8279399076,765279083
2025-03-11 04:19:00,3,2025-03-11 03:47:00,9,8279399076,765279083
2025-03-11 04:25:00,2,2025-03-11 04:19:00,9,8279399076,765279083
2025-03-11 04:38:00,4,2025-03-11 04:25:00,9,8279399076,765279083
2025-03-11 04:49:00,3,2025-03-11 04:38:00,9,8279399076,765279083
2025-03-11 04:55:00,2,2025-03-11 04:49:00,9,8279399076,765279083
2025-03-11 05:14:00,4,2025-03-11 04:55:00,9,8279399076,765279083
2025-03-11 05:36:00,3,2025-03-11 05:14:00,9,8279399076,765279083
2025-03-11 05:42:00,2,2025-03-11 05:36:00,9,8279399076,765279083
2025-03-11 05:48:00,4,2025-03-11 05:42:00,9,8279399076,765279083
2025-03-11 06:14:00,2,2025-03-11 05:48:00,9,8279399076,765279083
2025-03-11 07:07:00,3,2025-03-11 06:14:00,9,8279399076,765279083
2025-03-11 07:30:00,4,2025-03-11 07:07:00,9,8279399076,765279083
2025-03-11 07:41:00,2,2025-03-11 07:30:00,9,8279399076,765279083
2025-03-11 08:05:00,3,2025-03-11 07:41:00,9,8279399076,765279083
2025-03-11 08:27:00,2,2025-03-11 08:05:00,9,8279399076,765279083
2025-03-11 08:33:00,3,2025-03-11 08:27:00,9,8279399076,765279083
2025-03-11 08:36:00,2,2025-03-11 08:33:00,9,8279399076,765279083
2025-03-11 08:56:00,3,2025-03-11 08:36:00,9,8279399076,765279083
2025-03-09 13:15:00,3,2025-03-09 13:02:00,10,8279399076,765279083
2025-03-09 13:27:00,2,2025-03-09 13:15:00,10,8279399076,765279083
2025-03-09 13:42:00,4,2025-03-09 13:27:00,10,8279399076,765279083
2025-03-09 14:00:00,2,2025-03-09 13:42:00,10,8279399076,765279083
2025-03-09 14:06:00,3,2025-03-09 14:00:00,10,8279399076,765279083
2025-03-09 14:07:00,5,2025-03-09 14:06:00,10,8279399076,765279083
2025-03-09 15:14:00,3,2025-03-09 14:07:00,10,8279399076,765279083
2025-03-09 15:36:00,4,2025-03-09 15:14:00,10,8279399076,765279083
2025-03-09 16:20:00,3,2025-03-09 15:36:00,10,8279399076,765279083
2025-03-08 01:44:00,3,2025-03-08 01:33:00,11,8279399076,765279083
2025-03-08 02:39:00,2,2025-03-08 01:44:00,11,8279399076,765279083
2025-03-08 02:50:00,3,2025-03-08 02:39:00,11,8279399076,765279083
2025-03-08 02:53:00,4,2025-03-08 02:50:00,11,8279399076,765279083
2025-03-08 02:55:00,3,2025-03-08 02:53:00,11,8279399076,765279083
2025-03-08 03:31:00,2,2025-03-08 02:55:00,11,8279399076,765279083
2025-03-08 04:00:00,3,2025-03-08 03:31:00,11,8279399076,765279083
2025-03-08 04:10:00,2,2025-03-08 04:00:00,11,8279399076,765279083
2025-03-08 04:19:00,4,2025-03-08 04:10:00,11,8279399076,765279083
2025-03-08 04:29:00,3,2025-03-08 04:19:00,11,8279399076,765279083
2025-03-08 04:36:00,2,2025-03-08 04:29:00,11,8279399076,765279083
2025-03-08 04:43:00,3,2025-03-08 04:36:00,11,8279399076,765279083
2025-03-08 04:44:00,5,2025-03-08 04:43:00,11,8279399076,765279083
2025-03-08 05:52:00,3,2025-03-08 04:44:00,11,8279399076,765279083
2025-03-08 06:10:00,4,2025-03-08 05:52:00,11,8279399076,765279083
2025-03-08 07:00:00,3,2025-03-08 06:10:00,11,8279399076,765279083
2025-03-08 07:23:00,4,2025-03-08 07:00:00,11,8279399076,765279083
2025-03-08 08:02:00,3,2025-03-08 07:23:00,11,8279399076,765279083
2025-03-08 08:13:00,2,2025-03-08 08:02:00,11,8279399076,765279083
2025-03-08 08:26:00,3,2025-03-08 08:13:00,11,8279399076,765279083
2025-03-07 01:14:00,3,2025-03-07 00:56:00,12,8279399076,765279083
2025-03-07 01:20:00,2,2025-03-07 01:14:00,12,8279399076,765279083
2025-03-07 01:30:00,3,2025-03-07 01:20:00,12,8279399076,765279083
2025-03-07 01:59:00,2,2025-03-07 01:30:00,12,8279399076,765279083
2025-03-07 02:20:00,3,2025-03-07 01:59:00,12,8279399076,765279083
2025-03-07 02:39:00,4,2025-03-07 02:20:00,12,8279399076,765279083
2025-03-07 03:05:00,3,2025-03-07 02:39:00,12,8279399076,765279083
2025-03-07 03:14:00,2,2025-03-07 03:05:00,12,8279399076,765279083
2025-03-07 03:41:00,4,2025-03-07 03:14:00,12,8279399076,765279083
2025-03-07 04:05:00,2,2025-03-07 03:41:00,12,8279399076,765279083
2025-03-07 04:14:00,3,2025-03-07 04:05:00,12,8279399076,765279083
2025-03-07 04:16:00,5,2025-03-07 04:14:00,12,8279399076,765279083
2025-03-07 04:30:00,3,2025-03-07 04:16:00,12,8279399076,765279083
2025-03-07 05:02:00,2,2025-03-07 04:30:00,12,8279399076,765279083
2025-03-07 05:43:00,3,2025-03-07 05:02:00,12,8279399076,765279083
2025-03-07 05:51:00,4,2025-03-07 05:43:00,12,8279399076,765279083
2025-03-07 06:07:00,2,2025-03-07 05:51:00,12,8279399076,765279083
2025-03-07 06:38:00,3,2025-03-07 06:07:00,12,8279399076,765279083
2025-03-07 07:02:00,4,2025-03-07 06:38:00,12,8279399076,765279083
2025-03-07 07:11:00,2,2025-03-07 07:02:00,12,8279399076,765279083
2025-03-07 07:45:00,3,2025-03-07 07:11:00,12,8279399076,765279083
2025-03-07 07:49:00,4,2025-03-07 07:45:00,12,8279399076,765279083
2025-03-07 07:55:00,2,2025-03-07 07:49:00,12,8279399076,765279083
2025-03-07 08:27:00,3,2025-03-07 07:55:00,12,8279399076,765279083
2025-03-07 08:30:00,2,2025-03-07 08:27:00,12,8279399076,765279083
2025-03-07 08:54:00,3,2025-03-07 08:30:00,12,8279399076,765279083
2025-03-06 00:44:00,3,2025-03-06 00:29:00,13,8279399076,765279083
2025-03-06 01:01:00,4,2025-03-06 00:44:00,13,8279399076,765279083
2025-03-06 01:20:00,2,2025-03-06 01:01:00,13,8279399076,765279083
2025-03-06 01:23:00,3,2025-03-06 01:20:00,13,8279399076,765279083
2025-03-06 01:31:00,4,2025-03-06 01:23:00,13,8279399076,765279083
2025-03-06 01:42:00,3,2025-03-06 01:31:00,13,8279399076,765279083
2025-03-06 02:02:00,4,2025-03-06 01:42:00,13,8279399076,765279083
2025-03-06 02:28:00,2,2025-03-06 02:02:00,13,8279399076,765279083
2025-03-06 02:38:00,3,2025-03-06 02:28:00,13,8279399076,765279083
2025-03-06 02:43:00,2,2025-03-06 02:38:00,13,8279399076,765279083
2025-03-06 03:03:00,3,2025-03-06 02:43:00,13,8279399076,765279083
2025-03-06 03:23:00,2,2025-03-06 03:03:00,13,8279399076,765279083
2025-03-06 03:34:00,3,2025-03-06 03:23:00,13,8279399076,765279083
2025-03-06 03:59:00,2,2025-03-06 03:34:00,13,8279399076,765279083
2025-03-06 04:16:00,3,2025-03-06 03:59:00,13,8279399076,765279083
2025-03-06 04:17:00,4,2025-03-06 04:16:00,13,8279399076,765279083
2025-03-06 04:20:00,2,2025-03-06 04:17:00,13,8279399076,765279083
2025-03-06 04:42:00,3,2025-03-06 04:20:00,13,8279399076,765279083
2025-03-06 04:44:00,4,2025-03-06 04:42:00,13,8279399076,765279083
2025-03-06 04:55:00,3,2025-03-06 04:44:00,13,8279399076,765279083
2025-03-06 05:46:00,5,2025-03-06 04:55:00,13,8279399076,765279083
2025-03-06 05:55:00,4,2025-03-06 05:46:00,13,8279399076,765279083
2025-03-06 06:11:00,2,2025-03-06 05:55:00,13,8279399076,765279083
2025-03-06 06:31:00,3,2025-03-06 06:11:00,13,8279399076,765279083
2025-03-06 06:54:00,4,2025-03-06 06:31:00,13,8279399076,765279083
2025-03-06 07:16:00,3,2025-03-06 06:54:00,13,8279399076,765279083
2025-03-06 07:30:00,2,2025-03-06 07:16:00,13,8279399076,765279083
2025-03-06 07:58:00,3,2025-03-06 07:30:00,13,8279399076,765279083
2025-03-06 08:04:00,4,2025-03-06 07:58:00,13,8279399076,765279083
2025-03-06 08:16:00,2,2025-03-06 08:04:00,13,8279399076,765279083
2025-03-06 08:53:00,3,2025-03-06 08:16:00,13,8279399076,765279083
2025-03-05 02:50:00,3,2025-03-05 02:31:00,14,8279399076,765279083
2025-03-05 03:29:00,2,2025-03-05 02:50:00,14,8279399076,765279083
2025-03-05 03:48:00,4,2025-03-05 03:29:00,14,8279399076,765279083
2025-03-05 04:13:00,2,2025-03-05 03:48:00,14,8279399076,765279083
2025-03-05 04:27:00,3,2025-03-05 04:13:00,14,8279399076,765279083
2025-03-05 04:39:00,2,2025-03-05 04:27:00,14,8279399076,765279083
2025-03-05 04:48:00,3,2025-03-05 04:39:00,14,8279399076,765279083
2025-03-05 05:16:00,2,2025-03-05 04:48:00,14,8279399076,765279083
2025-03-05 05:30:00,3,2025-03-05 05:16:00,14,8279399076,765279083
2025-03-05 05:39:00,2,2025-03-05 05:30:00,14,8279399076,765279083
2025-03-05 05:45:00,3,2025-03-05 05:39:00,14,8279399076,765279083
2025-03-05 05:59:00,4,2025-03-05 05:45:00,14,8279399076,765279083
2025-03-05 06:07:00,2,2025-03-05 05:59:00,14,8279399076,765279083
2025-03-05 07:37:00,3,2025-03-05 06:07:00,14,8279399076,765279083
2025-03-05 08:02:00,4,2025-03-05 07:37:00,14,8279399076,765279083
2025-03-05 09:01:00,3,2025-03-05 08:02:00,14,8279399076,765279083
2025-03-03 00:52:00,3,2025-03-03 00:43:00,15,8279399076,765279083
2025-03-03 01:23:00,2,2025-03-03 00:52:00,15,8279399076,765279083
2025-03-03 01:28:00,3,2025-03-03 01:23:00,15,8279399076,765279083
2025-03-03 01:32:00,5,2025-03-03 01:28:00,15,8279399076,765279083
2025-03-03 01:41:00,3,2025-03-03 01:32:00,15,8279399076,765279083
2025-03-03 02:06:00,2,2025-03-03 01:41:00,15,8279399076,765279083
2025-03-03 02:18:00,3,2025-03-03 02:06:00,15,8279399076,765279083
2025-03-03 02:44:00,4,2025-03-03 02:18:00,15,8279399076,765279083
2025-03-03 03:16:00,3,2025-03-03 02:44:00,15,8279399076,765279083
2025-03-03 03:38:00,2,2025-03-03 03:16:00,15,8279399076,765279083
2025-03-03 03:47:00,3,2025-03-03 03:38:00,15,8279399076,765279083
2025-03-03 04:26:00,2,2025-03-03 03:47:00,15,8279399076,765279083
2025-03-03 04:45:00,3,2025-03-03 04:26:00,15,8279399076,765279083
2025-03-03 04:57:00,2,2025-03-03 04:45:00,15,8279399076,765279083
2025-03-03 05:20:00,3,2025-03-03 04:57:00,15,8279399076,765279083
2025-03-03 05:57:00,2,2025-03-03 05:20:00,15,8279399076,765279083
2025-03-03 06:23:00,4,2025-03-03 05:57:00,15,8279399076,765279083
2025-03-03 06:40:00,3,2025-03-03 06:23:00,15,8279399076,765279083
2025-03-03 07:08:00,4,2025-03-03 06:40:00,15,8279399076,765279083
2025-03-03 07:32:00,3,2025-03-03 07:08:00,15,8279399076,765279083
2025-03-03 07:44:00,2,2025-03-03 07:32:00,15,8279399076,765279083
2025-03-03 08:04:00,3,2025-03-03 07:44:00,15,8279399076,765279083
2025-03-03 08:26:00,4,2025-03-03 08:04:00,15,8279399076,765279083
2025-03-03 09:49:00,3,2025-03-03 08:26:00,15,8279399076,765279083
2025-03-02 01:36:00,3,2025-03-02 00:37:00,16,8279399076,765279083
2025-03-02 01:41:00,4,2025-03-02 01:36:00,16,8279399076,765279083
2025-03-02 02:05:00,2,2025-03-02 01:41:00,16,8279399076,765279083
2025-03-02 02:34:00,3,2025-03-02 02:05:00,16,8279399076,765279083
2025-03-02 02:46:00,2,2025-03-02 02:34:00,16,8279399076,765279083
2025-03-02 02:58:00,4,2025-03-02 02:46:00,16,8279399076,765279083
2025-03-02 03:15:00,3,2025-03-02 02:58:00,16,8279399076,765279083
2025-03-02 03:21:00,5,2025-03-02 03:15:00,16,8279399076,765279083
2025-03-02 04:00:00,3,2025-03-02 03:21:00,16,8279399076,765279083
2025-03-02 04:21:00,2,2025-03-02 04:00:00,16,8279399076,765279083
2025-03-02 04:31:00,3,2025-03-02 04:21:00,16,8279399076,765279083
2025-03-02 04:52:00,2,2025-03-02 04:31:00,16,8279399076,765279083
2025-03-02 05:46:00,3,2025-03-02 04:52:00,16,8279399076,765279083
2025-03-02 06:02:00,4,2025-03-02 05:46:00,16,8279399076,765279083
2025-03-02 06:36:00,2,2025-03-02 06:02:00,16,8279399076,765279083
2025-03-02 06:52:00,3,2025-03-02 06:36:00,16,8279399076,765279083
2025-03-02 07:11:00,4,2025-03-02 06:52:00,16,8279399076,765279083
2025-03-02 07:22:00,3,2025-03-02 07:11:00,16,8279399076,765279083
2025-03-02 07:48:00,2,2025-03-02 07:22:00,16,8279399076,765279083
2025-03-02 08:14:00,3,2025-03-02 07:48:00,16,8279399076,765279083
2025-03-02 08:37:00,4,2025-03-02 08:14:00,16,8279399076,765279083
2025-03-02 08:57:00,3,2025-03-02 08:37:00,16,8279399076,765279083
2025-03-01 01:55:00,3,2025-03-01 01:50:00,17,8279399076,765279083
2025-03-01 03:01:00,2,2025-03-01 01:55:00,17,8279399076,765279083
2025-03-01 03:11:00,3,2025-03-01 03:01:00,17,8279399076,765279083
2025-03-01 03:14:00,5,2025-03-01 03:11:00,17,8279399076,765279083
2025-03-01 03:29:00,4,2025-03-01 03:14:00,17,8279399076,765279083
2025-03-01 03:49:00,2,2025-03-01 03:29:00,17,8279399076,765279083
2025-03-01 04:18:00,3,2025-03-01 03:49:00,17,8279399076,765279083
2025-03-01 04:36:00,2,2025-03-01 04:18:00,17,8279399076,765279083
2025-03-01 05:39:00,3,2025-03-01 04:36:00,17,8279399076,765279083
2025-03-01 05:56:00,4,2025-03-01 05:39:00,17,8279399076,765279083
2025-03-01 06:20:00,2,2025-03-01 05:56:00,17,8279399076,765279083
2025-03-01 06:56:00,3,2025-03-01 06:20:00,17,8279399076,765279083
2025-03-01 07:03:00,2,2025-03-01 06:56:00,17,8279399076,765279083
2025-03-01 07:16:00,3,2025-03-01 07:03:00,17,8279399076,765279083
2025-03-01 07:25:00,2,2025-03-01 07:16:00,17,8279399076,765279083
2025-03-01 07:43:00,4,2025-03-01 07:25:00,17,8279399076,765279083
2025-03-01 07:51:00,3,2025-03-01 07:43:00,17,8279399076,765279083
2025-03-01 08:11:00,2,2025-03-01 07:51:00,17,8279399076,765279083
2025-03-01 08:56:00,3,2025-03-01 08:11:00,17,8279399076,765279083
2025-03-01 09:18:00,4,2025-03-01 08:56:00,17,8279399076,765279083
2025-03-01 09:57:00,3,2025-03-01 09:18:00,17,8279399076,765279083
2025-02-27 02:21:00,3,2025-02-27 01:25:00,18,8279399076,765279083
2025-02-27 02:53:00,2,2025-02-27 02:21:00,18,8279399076,765279083
2025-02-27 03:16:00,3,2025-02-27 02:53:00,18,8279399076,765279083
2025-02-27 03:18:00,4,2025-02-27 03:16:00,18,8279399076,765279083
2025-02-27 03:45:00,2,2025-02-27 03:18:00,18,8279399076,765279083
2025-02-27 04:35:00,3,2025-02-27 03:45:00,18,8279399076,765279083
2025-02-27 04:40:00,2,2025-02-27 04:35:00,18,8279399076,765279083
2025-02-27 04:44:00,3,2025-02-27 04:40:00,18,8279399076,765279083
2025-02-27 04:45:00,5,2025-02-27 04:44:00,18,8279399076,765279083
2025-02-27 04:59:00,3,2025-02-27 04:45:00,18,8279399076,765279083
2025-02-27 05:07:00,4,2025-02-27 04:59:00,18,8279399076,765279083
2025-02-27 05:16:00,2,2025-02-27 05:07:00,18,8279399076,765279083
2025-02-27 05:22:00,3,2025-02-27 05:16:00,18,8279399076,765279083
2025-02-27 05:45:00,2,2025-02-27 05:22:00,18,8279399076,765279083
2025-02-27 05:55:00,3,2025-02-27 05:45:00,18,8279399076,765279083
2025-02-27 06:11:00,2,2025-02-27 05:55:00,18,8279399076,765279083
2025-02-27 07:01:00,4,2025-02-27 06:11:00,18,8279399076,765279083
2025-02-27 07:17:00,3,2025-02-27 07:01:00,18,8279399076,765279083
2025-02-26 00:37:00,3,2025-02-26 00:29:00,19,8279399076,765279083
2025-02-26 00:41:00,4,2025-02-26 00:37:00,19,8279399076,765279083
2025-02-26 01:04:00,2,2025-02-26 00:41:00,19,8279399076,765279083
2025-02-26 01:17:00,3,2025-02-26 01:04:00,19,8279399076,765279083
2025-02-26 01:23:00,2,2025-02-26 01:17:00,19,8279399076,765279083
2025-02-26 02:14:00,3,2025-02-26 01:23:00,19,8279399076,765279083
2025-02-26 02:24:00,2,2025-02-26 02:14:00,19,8279399076,765279083
2025-02-26 03:10:00,3,2025-02-26 02:24:00,19,8279399076,765279083
2025-02-26 03:17:00,2,2025-02-26 03:10:00,19,8279399076,765279083
2025-02-26 04:14:00,3,2025-02-26 03:17:00,19,8279399076,765279083
2025-02-26 04:20:00,5,2025-02-26 04:14:00,19,8279399076,765279083
2025-02-26 04:34:00,3,2025-02-26 04:20:00,19,8279399076,765279083
2025-02-26 05:02:00,2,2025-02-26 04:34:00,19,8279399076,765279083
2025-02-26 05:12:00,4,2025-02-26 05:02:00,19,8279399076,765279083
2025-02-26 05:26:00,2,2025-02-26 05:12:00,19,8279399076,765279083
2025-02-26 05:32:00,3,2025-02-26 05:26:00,19,8279399076,765279083
2025-02-26 05:45:00,5,2025-02-26 05:32:00,19,8279399076,765279083
2025-02-26 06:14:00,4,2025-02-26 05:45:00,19,8279399076,765279083
2025-02-26 06:31:00,2,2025-02-26 06:14:00,19,8279399076,765279083
2025-02-26 07:07:00,3,2025-02-26 06:31:00,19,8279399076,765279083
2025-02-26 07:29:00,4,2025-02-26 07:07:00,19,8279399076,765279083
2025-02-26 07:37:00,2,2025-02-26 07:29:00,19,8279399076,765279083
2025-02-26 08:03:00,3,2025-02-26 07:37:00,19,8279399076,765279083
2025-02-25 02:01:00,3,2025-02-25 01:25:00,20,8279399076,765279083
2025-02-25 02:16:00,2,2025-02-25 02:01:00,20,8279399076,765279083
2025-02-25 02:28:00,3,2025-02-25 02:16:00,20,8279399076,765279083
2025-02-25 02:49:00,2,2025-02-25 02:28:00,20,8279399076,765279083
2025-02-25 03:16:00,3,2025-02-25 02:49:00,20,8279399076,765279083
2025-02-25 03:23:00,2,2025-02-25 03:16:00,20,8279399076,765279083
2025-02-25 03:58:00,3,2025-02-25 03:23:00,20,8279399076,765279083
2025-02-25 04:02:00,2,2025-02-25 03:58:00,20,8279399076,765279083
2025-02-25 04:09:00,3,2025-02-25 04:02:00,20,8279399076,765279083
2025-02-25 04:11:00,2,2025-02-25 04:09:00,20,8279399076,765279083
2025-02-25 05:22:00,3,2025-02-25 04:11:00,20,8279399076,765279083
2025-02-25 05:32:00,2,2025-02-25 05:22:00,20,8279399076,765279083
2025-02-25 05:59:00,3,2025-02-25 05:32:00,20,8279399076,765279083
2025-02-25 06:01:00,2,2025-02-25 05:59:00,20,8279399076,765279083
2025-02-25 06:11:00,3,2025-02-25 06:01:00,20,8279399076,765279083
2025-02-25 06:18:00,2,2025-02-25 06:11:00,20,8279399076,765279083
2025-02-25 06:44:00,3,2025-02-25 06:18:00,20,8279399076,765279083
2025-02-25 06:50:00,2,2025-02-25 06:44:00,20,8279399076,765279083
2025-02-25 07:08:00,3,2025-02-25 06:50:00,20,8279399076,765279083
2025-02-25 07:39:00,5,2025-02-25 07:08:00,20,8279399076,765279083
2025-02-25 07:45:00,2,2025-02-25 07:39:00,20,8279399076,765279083
2025-02-25 07:51:00,4,2025-02-25 07:45:00,20,8279399076,765279083
2025-02-25 07:58:00,3,2025-02-25 07:51:00,20,8279399076,765279083
2025-02-25 08:32:00,2,2025-02-25 07:58:00,20,8279399076,765279083
2025-02-25 08:40:00,3,2025-02-25 08:32:00,20,8279399076,765279083
2025-02-25 09:20:00,4,2025-02-25 08:40:00,20,8279399076,765279083
2025-02-25 09:25:00,2,2025-02-25 09:20:00,20,8279399076,765279083
2025-02-25 09:30:00,4,2025-02-25 09:25:00,20,8279399076,765279083
2025-02-25 09:44:00,3,2025-02-25 09:30:00,20,8279399076,765279083
2025-02-24 00:43:00,3,2025-02-24 00:28:00,21,8279399076,765279083
2025-02-24 00:48:00,2,2025-02-24 00:43:00,21,8279399076,765279083
2025-02-24 00:54:00,4,2025-02-24 00:48:00,21,8279399076,765279083
2025-02-24 01:32:00,2,2025-02-24 00:54:00,21,8279399076,765279083
2025-02-24 01:49:00,3,2025-02-24 01:32:00,21,8279399076,765279083
2025-02-24 02:02:00,4,2025-02-24 01:49:00,21,8279399076,765279083
2025-02-24 02:34:00,2,2025-02-24 02:02:00,21,8279399076,765279083
2025-02-24 02:53:00,3,2025-02-24 02:34:00,21,8279399076,765279083
2025-02-24 03:22:00,2,2025-02-24 02:53:00,21,8279399076,765279083
2025-02-24 03:35:00,3,2025-02-24 03:22:00,21,8279399076,765279083
2025-02-24 03:56:00,2,2025-02-24 03:35:00,21,8279399076,765279083
2025-02-24 04:15:00,3,2025-02-24 03:56:00,21,8279399076,765279083
2025-02-24 04:36:00,4,2025-02-24 04:15:00,21,8279399076,765279083
2025-02-24 04:48:00,2,2025-02-24 04:36:00,21,8279399076,765279083
2025-02-24 05:05:00,3,2025-02-24 04:48:00,21,8279399076,765279083
2025-02-24 05:24:00,2,2025-02-24 05:05:00,21,8279399076,765279083
2025-02-24 05:35:00,4,2025-02-24 05:24:00,21,8279399076,765279083
2025-02-24 05:43:00,3,2025-02-24 05:35:00,21,8279399076,765279083
2025-02-24 06:00:00,4,2025-02-24 05:43:00,21,8279399076,765279083
2025-02-24 07:07:00,3,2025-02-24 06:00:00,21,8279399076,765279083
2025-02-24 07:23:00,4,2025-02-24 07:07:00,21,8279399076,765279083
2025-02-24 07:49:00,3,2025-02-24 07:23:00,21,8279399076,765279083
2025-02-24 08:03:00,2,2025-02-24 07:49:00,21,8279399076,765279083
2025-02-24 08:51:00,3,2025-02-24 08:03:00,21,8279399076,765279083
2025-02-24 09:11:00,4,2025-02-24 08:51:00,21,8279399076,765279083
2025-02-24 09:38:00,3,2025-02-24 09:11:00,21,8279399076,765279083
2025-02-23 01:28:00,3,2025-02-23 01:15:00,22,8279399076,765279083
2025-02-23 02:05:00,2,2025-02-23 01:28:00,22,8279399076,765279083
2025-02-23 02:14:00,3,2025-02-23 02:05:00,22,8279399076,765279083
2025-02-23 02:39:00,2,2025-02-23 02:14:00,22,8279399076,765279083
2025-02-23 02:40:00,4,2025-02-23 02:39:00,22,8279399076,765279083
2025-02-23 03:48:00,3,2025-02-23 02:40:00,22,8279399076,765279083
2025-02-23 03:51:00,5,2025-02-23 03:48:00,22,8279399076,765279083
2025-02-23 04:07:00,3,2025-02-23 03:51:00,22,8279399076,765279083
2025-02-23 04:38:00,2,2025-02-23 04:07:00,22,8279399076,765279083
2025-02-23 05:20:00,4,2025-02-23 04:38:00,22,8279399076,765279083
2025-02-23 05:31:00,3,2025-02-23 05:20:00,22,8279399076,765279083
2025-02-23 05:50:00,2,2025-02-23 05:31:00,22,8279399076,765279083
2025-02-23 06:17:00,3,2025-02-23 05:50:00,22,8279399076,765279083
2025-02-23 06:28:00,2,2025-02-23 06:17:00,22,8279399076,765279083
2025-02-23 06:52:00,4,2025-02-23 06:28:00,22,8279399076,765279083
2025-02-23 07:01:00,3,2025-02-23 06:52:00,22,8279399076,765279083
2025-02-23 07:07:00,2,2025-02-23 07:01:00,22,8279399076,765279083
2025-02-23 07:28:00,4,2025-02-23 07:07:00,22,8279399076,765279083
2025-02-23 07:57:00,3,2025-02-23 07:28:00,22,8279399076,765279083
2025-02-23 08:00:00,2,2025-02-23 07:57:00,22,8279399076,765279083
2025-02-23 09:03:00,3,2025-02-23 08:00:00,22,8279399076,765279083
2025-02-22 00:19:00,3,2025-02-21 23:11:00,23,8279399076,765279083
2025-02-22 00:40:00,2,2025-02-22 00:19:00,23,8279399076,765279083
2025-02-22 01:26:00,3,2025-02-22 00:40:00,23,8279399076,765279083
2025-02-22 01:31:00,2,2025-02-22 01:26:00,23,8279399076,765279083
2025-02-22 01:37:00,3,2025-02-22 01:31:00,23,8279399076,765279083
2025-02-22 01:56:00,2,2025-02-22 01:37:00,23,8279399076,765279083
2025-02-22 02:07:00,3,2025-02-22 01:56:00,23,8279399076,765279083
2025-02-22 02:16:00,5,2025-02-22 02:07:00,23,8279399076,765279083
2025-02-22 02:25:00,3,2025-02-22 02:16:00,23,8279399076,765279083
2025-02-22 02:46:00,4,2025-02-22 02:25:00,23,8279399076,765279083
2025-02-22 03:05:00,2,2025-02-22 02:46:00,23,8279399076,765279083
2025-02-22 03:30:00,4,2025-02-22 03:05:00,23,8279399076,765279083
2025-02-22 03:43:00,2,2025-02-22 03:30:00,23,8279399076,765279083
2025-02-22 03:48:00,3,2025-02-22 03:43:00,23,8279399076,765279083
2025-02-22 03:51:00,5,2025-02-22 03:48:00,23,8279399076,765279083
2025-02-22 03:56:00,3,2025-02-22 03:51:00,23,8279399076,765279083
2025-02-22 04:23:00,4,2025-02-22 03:56:00,23,8279399076,765279083
2025-02-22 04:26:00,2,2025-02-22 04:23:00,23,8279399076,765279083
2025-02-22 04:41:00,4,2025-02-22 04:26:00,23,8279399076,765279083
2025-02-22 04:54:00,3,2025-02-22 04:41:00,23,8279399076,765279083
2025-02-22 05:08:00,5,2025-02-22 04:54:00,23,8279399076,765279083
2025-02-22 05:27:00,4,2025-02-22 05:08:00,23,8279399076,765279083
2025-02-22 05:30:00,3,2025-02-22 05:27:00,23,8279399076,765279083
2025-02-22 05:56:00,4,2025-02-22 05:30:00,23,8279399076,765279083
2025-02-22 06:00:00,2,2025-02-22 05:56:00,23,8279399076,765279083
2025-02-22 06:02:00,4,2025-02-22 06:00:00,23,8279399076,765279083
2025-02-22 06:14:00,2,2025-02-22 06:02:00,23,8279399076,765279083
2025-02-22 06:29:00,3,2025-02-22 06:14:00,23,8279399076,765279083
2025-02-22 06:38:00,2,2025-02-22 06:29:00,23,8279399076,765279083
2025-02-22 06:45:00,4,2025-02-22 06:38:00,23,8279399076,765279083
2025-02-22 06:49:00,3,2025-02-22 06:45:00,23,8279399076,765279083
2025-02-22 07:03:00,5,2025-02-22 06:49:00,23,8279399076,765279083
2025-02-22 07:12:00,3,2025-02-22 07:03:00,23,8279399076,765279083
2025-02-22 07:16:00,4,2025-02-22 07:12:00,23,8279399076,765279083
2025-02-22 07:36:00,2,2025-02-22 07:16:00,23,8279399076,765279083
2025-02-22 07:57:00,3,2025-02-22 07:36:00,23,8279399076,765279083
2025-02-22 08:12:00,2,2025-02-22 07:57:00,23,8279399076,765279083
2025-02-22 08:53:00,3,2025-02-22 08:12:00,23,8279399076,765279083
2025-02-21 00:25:00,3,2025-02-20 23:45:00,24,8279399076,765279083
2025-02-21 00:27:00,5,2025-02-21 00:25:00,24,8279399076,765279083
2025-02-21 01:39:00,3,2025-02-21 00:27:00,24,8279399076,765279083
2025-02-21 02:01:00,2,2025-02-21 01:39:00,24,8279399076,765279083
2025-02-21 02:16:00,3,2025-02-21 02:01:00,24,8279399076,765279083
2025-02-21 02:39:00,2,2025-02-21 02:16:00,24,8279399076,765279083
2025-02-21 02:49:00,3,2025-02-21 02:39:00,24,8279399076,765279083
2025-02-21 03:57:00,2,2025-02-21 02:49:00,24,8279399076,765279083
2025-02-21 08:05:00,3,2025-02-21 03:57:00,24,8279399076,765279083
2025-02-20 01:24:00,3,2025-02-20 00:06:00,25,8279399076,765279083
2025-02-20 01:31:00,2,2025-02-20 01:24:00,25,8279399076,765279083
2025-02-20 01:35:00,3,2025-02-20 01:31:00,25,8279399076,765279083
2025-02-20 01:39:00,2,2025-02-20 01:35:00,25,8279399076,765279083
2025-02-20 01:40:00,5,2025-02-20 01:39:00,25,8279399076,765279083
2025-02-20 01:44:00,3,2025-02-20 01:40:00,25,8279399076,765279083
2025-02-20 01:47:00,2,2025-02-20 01:44:00,25,8279399076,765279083
2025-02-20 01:51:00,3,2025-02-20 01:47:00,25,8279399076,765279083
2025-02-20 02:43:00,2,2025-02-20 01:51:00,25,8279399076,765279083
2025-02-20 02:53:00,3,2025-02-20 02:43:00,25,8279399076,765279083
2025-02-20 03:01:00,2,2025-02-20 02:53:00,25,8279399076,765279083
2025-02-20 03:03:00,5,2025-02-20 03:01:00,25,8279399076,765279083
2025-02-20 03:16:00,3,2025-02-20 03:03:00,25,8279399076,765279083
2025-02-20 03:32:00,2,2025-02-20 03:16:00,25,8279399076,765279083
2025-02-20 04:53:00,3,2025-02-20 03:32:00,25,8279399076,765279083
2025-02-20 04:59:00,2,2025-02-20 04:53:00,25,8279399076,765279083
2025-02-20 06:42:00,3,2025-02-20 04:59:00,25,8279399076,765279083
2025-02-18 02:33:00,3,2025-02-18 01:22:00,26,8279399076,765279083
2025-02-18 02:49:00,2,2025-02-18 02:33:00,26,8279399076,765279083
2025-02-18 02:52:00,3,2025-02-18 02:49:00,26,8279399076,765279083
2025-02-18 02:56:00,2,2025-02-18 02:52:00,26,8279399076,765279083
2025-02-18 03:26:00,3,2025-02-18 02:56:00,26,8279399076,765279083
2025-02-18 03:30:00,2,2025-02-18 03:26:00,26,8279399076,765279083
2025-02-18 03:58:00,3,2025-02-18 03:30:00,26,8279399076,765279083
2025-02-18 04:16:00,2,2025-02-18 03:58:00,26,8279399076,765279083
2025-02-18 04:34:00,3,2025-02-18 04:16:00,26,8279399076,765279083
2025-02-18 04:40:00,5,2025-02-18 04:34:00,26,8279399076,765279083
2025-02-18 04:54:00,3,2025-02-18 04:40:00,26,8279399076,765279083
2025-02-18 05:32:00,2,2025-02-18 04:54:00,26,8279399076,765279083
2025-02-18 05:38:00,3,2025-02-18 05:32:00,26,8279399076,765279083
2025-02-18 05:48:00,2,2025-02-18 05:38:00,26,8279399076,765279083
2025-02-18 05:57:00,3,2025-02-18 05:48:00,26,8279399076,765279083
2025-02-18 06:18:00,2,2025-02-18 05:57:00,26,8279399076,765279083
2025-02-18 06:23:00,3,2025-02-18 06:18:00,26,8279399076,765279083
2025-02-18 06:29:00,2,2025-02-18 06:23:00,26,8279399076,765279083
2025-02-18 09:55:00,3,2025-02-18 06:29:00,26,8279399076,765279083
2025-02-17 01:12:00,3,2025-02-17 00:41:00,27,8279399076,765279083
2025-02-17 01:27:00,2,2025-02-17 01:12:00,27,8279399076,765279083
2025-02-17 01:44:00,3,2025-02-17 01:27:00,27,8279399076,765279083
2025-02-17 02:09:00,2,2025-02-17 01:44:00,27,8279399076,765279083
2025-02-17 03:03:00,3,2025-02-17 02:09:00,27,8279399076,765279083
2025-02-17 03:21:00,2,2025-02-17 03:03:00,27,8279399076,765279083
2025-02-17 03:57:00,3,2025-02-17 03:21:00,27,8279399076,765279083
2025-02-17 04:26:00,2,2025-02-17 03:57:00,27,8279399076,765279083
2025-02-17 04:35:00,3,2025-02-17 04:26:00,27,8279399076,765279083
2025-02-17 05:10:00,2,2025-02-17 04:35:00,27,8279399076,765279083
2025-02-17 06:36:00,3,2025-02-17 05:10:00,27,8279399076,765279083
2025-02-17 06:46:00,2,2025-02-17 06:36:00,27,8279399076,765279083
2025-02-17 08:01:00,3,2025-02-17 06:46:00,27,8279399076,765279083
2025-02-17 08:07:00,5,2025-02-17 08:01:00,27,8279399076,765279083
2025-02-17 08:39:00,3,2025-02-17 08:07:00,27,8279399076,765279083
2025-02-16 05:56:00,3,2025-02-16 04:38:00,28,8279399076,765279083
2025-02-16 06:35:00,2,2025-02-16 05:56:00,28,8279399076,765279083
2025-02-16 06:40:00,3,2025-02-16 06:35:00,28,8279399076,765279083
2025-02-16 07:05:00,2,2025-02-16 06:40:00,28,8279399076,765279083
2025-02-16 07:13:00,3,2025-02-16 07:05:00,28,8279399076,765279083
2025-02-16 07:16:00,2,2025-02-16 07:13:00,28,8279399076,765279083
2025-02-16 09:37:00,3,2025-02-16 07:16:00,28,8279399076,765279083
2025-02-15 02:16:00,3,2025-02-15 01:25:00,29,8279399076,765279083
2025-02-15 02:26:00,2,2025-02-15 02:16:00,29,8279399076,765279083
2025-02-15 02:27:00,5,2025-02-15 02:26:00,29,8279399076,765279083
2025-02-15 02:58:00,3,2025-02-15 02:27:00,29,8279399076,765279083
2025-02-15 03:24:00,2,2025-02-15 02:58:00,29,8279399076,765279083
2025-02-15 03:37:00,3,2025-02-15 03:24:00,29,8279399076,765279083
2025-02-15 04:10:00,2,2025-02-15 03:37:00,29,8279399076,765279083
2025-02-15 04:33:00,3,2025-02-15 04:10:00,29,8279399076,765279083
2025-02-15 04:51:00,2,2025-02-15 04:33:00,29,8279399076,765279083
2025-02-15 07:16:00,3,2025-02-15 04:51:00,29,8279399076,765279083
2025-02-15 08:17:00,2,2025-02-15 07:16:00,29,8279399076,765279083
2025-02-15 09:51:00,3,2025-02-15 08:17:00,29,8279399076,765279083
2025-02-15 10:39:00,5,2025-02-15 09:51:00,29,8279399076,765279083
2025-02-15 11:06:00,3,2025-02-15 10:39:00,29,8279399076,765279083
2025-02-14 02:37:00,3,2025-02-14 01:11:00,30,8279399076,765279083
2025-02-14 03:06:00,2,2025-02-14 02:37:00,30,8279399076,765279083
2025-02-14 03:09:00,3,2025-02-14 03:06:00,30,8279399076,765279083
2025-02-14 03:24:00,2,2025-02-14 03:09:00,30,8279399076,765279083
2025-02-14 03:45:00,3,2025-02-14 03:24:00,30,8279399076,765279083
2025-02-14 03:58:00,2,2025-02-14 03:45:00,30,8279399076,765279083
2025-02-14 04:17:00,3,2025-02-14 03:58:00,30,8279399076,765279083
2025-02-14 04:30:00,2,2025-02-14 04:17:00,30,8279399076,765279083
2025-02-14 05:12:00,3,2025-02-14 04:30:00,30,8279399076,765279083
2025-02-14 05:20:00,2,2025-02-14 05:12:00,30,8279399076,765279083
2025-02-14 05:41:00,3,2025-02-14 05:20:00,30,8279399076,765279083
2025-02-14 06:20:00,5,2025-02-14 05:41:00,30,8279399076,765279083
2025-02-14 06:47:00,3,2025-02-14 06:20:00,30,8279399076,765279083
2025-02-14 07:17:00,2,2025-02-14 06:47:00,30,8279399076,765279083
2025-02-14 08:50:00,3,2025-02-14 07:17:00,30,8279399076,765279083
